{
  "total": 1045,
  "total_capacity_mw": 380437.2700000001,
  "total_storage_mwh": 661947.5500000002,
  "by_technology": {
    "bess": {
      "count": 413,
      "capacity_mw": 126189.9,
      "storage_mwh": 283019.69999999995
    },
    "pumped_hydro": {
      "count": 61,
      "capacity_mw": 28835.4,
      "storage_mwh": 300132.0
    },
    "hybrid": {
      "count": 109,
      "capacity_mw": 44857.32,
      "storage_mwh": 76675.85
    },
    "wind": {
      "count": 212,
      "capacity_mw": 86885.57999999997,
      "storage_mwh": 400.0
    },
    "offshore_wind": {
      "count": 22,
      "capacity_mw": 43295.0,
      "storage_mwh": 0
    },
    "solar": {
      "count": 228,
      "capacity_mw": 50374.07,
      "storage_mwh": 1720.0
    }
  },
  "by_status": {
    "operating": {
      "count": 226,
      "capacity_mw": 37979.69000000001
    },
    "development": {
      "count": 759,
      "capacity_mw": 322159.58000000013
    },
    "commissioning": {
      "count": 16,
      "capacity_mw": 5931.2
    },
    "construction": {
      "count": 44,
      "capacity_mw": 14366.8
    }
  },
  "by_state": {
    "NSW": {
      "count": 363,
      "capacity_mw": 131307.02000000002
    },
    "WA": {
      "count": 1,
      "capacity_mw": 560.0
    },
    "QLD": {
      "count": 295,
      "capacity_mw": 122085.51999999999
    },
    "TAS": {
      "count": 50,
      "capacity_mw": 13974.4
    },
    "VIC": {
      "count": 216,
      "capacity_mw": 86785.56999999999
    },
    "SA": {
      "count": 120,
      "capacity_mw": 25724.76
    }
  },
  "states": [
    "NSW",
    "WA",
    "QLD",
    "TAS",
    "VIC",
    "SA"
  ]
}