{
  "total": 1049,
  "total_capacity_mw": 381503.2700000001,
  "total_storage_mwh": 663647.5500000002,
  "by_technology": {
    "offshore_wind": {
      "count": 22,
      "capacity_mw": 43295.0,
      "storage_mwh": 0
    },
    "bess": {
      "count": 413,
      "capacity_mw": 126189.9,
      "storage_mwh": 283019.69999999995
    },
    "pumped_hydro": {
      "count": 61,
      "capacity_mw": 28835.4,
      "storage_mwh": 300132.0
    },
    "solar": {
      "count": 228,
      "capacity_mw": 50420.07,
      "storage_mwh": 1720.0
    },
    "wind": {
      "count": 214,
      "capacity_mw": 87334.57999999997,
      "storage_mwh": 400.0
    },
    "hybrid": {
      "count": 111,
      "capacity_mw": 45428.32,
      "storage_mwh": 78375.85
    }
  },
  "by_status": {
    "development": {
      "count": 763,
      "capacity_mw": 323179.58000000013
    },
    "commissioning": {
      "count": 20,
      "capacity_mw": 8391.2
    },
    "operating": {
      "count": 230,
      "capacity_mw": 38353.69000000001
    },
    "construction": {
      "count": 36,
      "capacity_mw": 11578.8
    }
  },
  "by_state": {
    "NSW": {
      "count": 363,
      "capacity_mw": 131307.02000000002
    },
    "TAS": {
      "count": 51,
      "capacity_mw": 14315.4
    },
    "SA": {
      "count": 121,
      "capacity_mw": 25832.76
    },
    "WA": {
      "count": 1,
      "capacity_mw": 560.0
    },
    "QLD": {
      "count": 297,
      "capacity_mw": 122674.51999999999
    },
    "VIC": {
      "count": 216,
      "capacity_mw": 86813.56999999999
    }
  },
  "states": [
    "NSW",
    "TAS",
    "SA",
    "WA",
    "QLD",
    "VIC"
  ]
}